date,night_close,reg_open,reg_high,reg_low,reg_close,reg_vol,open_int,k200_open,k200_close,kospi_close
2025-06-09,,378.5,385.05,378.4,382.55,278745.0,232130.0,381.25,382.99,2855.77
2025-06-10,384.7,385.9,386.95,381.45,384.5,256637.0,177160.0,385.4,384.79,2871.85
2025-06-11,386.3,385.5,390.45,385.15,390.1,220908.0,116659.0,387.12,389.79,2907.04
2025-06-12,391.1,390.05,393.3,388.75,390.3,132366.0,0.0,390.11,390.62,2920.03
2025-06-13,392.65,393.0,394.3,385.8,387.8,264109.0,226149.0,392.55,387.3,2894.62
2025-06-16,388.95,390.2,395.3,386.55,394.2,253587.0,228633.0,388.7,394.16,2946.66
2025-06-17,397.25,397.25,403.35,393.3,396.0,311420.0,226193.0,395.82,395.18,2950.3
2025-06-18,393.7,393.7,400.9,392.15,399.4,248362.0,231212.0,392.64,398.86,2972.19
2025-06-19,399.2,400.4,402.95,396.55,399.25,239999.0,227084.0,401.62,399.29,2977.74
2025-06-20,399.15,400.0,405.85,399.45,405.15,225471.0,233191.0,400.69,405.32,3021.84
2025-06-23,402.0,401.05,405.5,397.75,404.55,257665.0,236582.0,400.85,404.32,3014.47
2025-06-24,407.8,410.35,418.7,409.4,418.7,274621.0,237615.0,411.42,417.76,3103.64
2025-06-25,421.35,420.85,422.85,415.8,419.55,267621.0,243725.0,421.65,419.51,3108.25
2025-06-26,421.4,419.85,421.15,410.4,415.6,288264.0,244971.0,419.73,415.66,3079.56
2025-06-27,417.85,417.5,418.25,411.65,413.45,225474.0,249174.0,415.36,412.72,3055.94
2025-06-30,413.35,413.25,418.2,413.25,416.15,219827.0,250172.0,415.28,414.6,3071.7
2025-07-01,415.6,415.9,424.15,415.85,416.9,247823.0,254258.0,417.11,416.26,3089.65
2025-07-02,416.15,417.45,418.25,409.95,415.1,248099.0,256065.0,415.4,414.43,3075.06
2025-07-03,417.4,417.3,421.9,416.6,421.55,221994.0,256187.0,418.31,420.94,3116.27
2025-07-04,424.8,424.5,424.7,413.1,413.25,264894.0,253908.0,422.24,412.74,3054.28
2025-07-07,412.45,411.15,415.5,409.35,413.75,237729.0,254670.0,410.69,413.02,3059.47
2025-07-08,411.2,412.1,422.3,412.05,421.65,250921.0,259108.0,414.79,421.22,3114.95
2025-07-09,421.1,422.0,423.8,419.65,422.85,178022.0,254045.0,421.74,422.02,3133.74
2025-07-10,423.25,424.2,428.7,422.1,428.3,234113.0,253963.0,423.43,428.42,3183.23
2025-07-11,428.65,430.25,434.8,427.8,428.5,243817.0,255754.0,429.03,428.07,3175.77
2025-07-14,427.9,426.25,433.2,425.95,432.4,196409.0,255349.0,428.21,432.49,3202.03
2025-07-15,432.35,432.7,435.5,429.6,435.35,231975.0,258473.0,431.04,434.78,3215.28
2025-07-16,432.6,432.7,434.25,429.65,430.55,182547.0,259629.0,433.77,431.16,3186.38
2025-07-17,433.3,432.7,433.3,426.15,431.8,236762.0,261399.0,432.72,431.64,3192.29
2025-07-18,434.05,434.0,434.4,429.15,431.55,181292.0,261652.0,432.83,431.1,3188.07
2025-07-21,430.6,429.6,435.6,429.55,434.65,158712.0,262086.0,431.6,434.56,3210.81
2025-07-22,435.9,435.15,436.55,426.8,429.0,226732.0,261406.0,434.41,428.05,3169.94
2025-07-23,429.75,429.85,432.8,424.9,430.4,239691.0,263237.0,430.72,430.04,3183.77
2025-07-24,433.2,432.7,437.75,429.3,429.3,270014.0,265428.0,433.62,430.03,3190.45
2025-07-25,428.8,429.05,432.75,428.3,431.1,183996.0,269138.0,429.49,430.78,3196.05
2025-07-28,431.45,431.5,436.1,428.7,432.65,215714.0,268260.0,435.04,433.37,3209.52
2025-07-29,431.65,432.3,436.85,427.3,436.2,226099.0,266683.0,430.77,435.84,3230.57
2025-07-30,436.0,435.5,442.7,434.4,439.95,233546.0,262502.0,436.4,439.81,3254.47
2025-07-31,439.55,443.5,444.85,436.7,437.9,241372.0,260665.0,442.53,438.6,3245.44
2025-08-01,433.45,432.8,433.3,420.05,420.4,286721.0,266649.0,432.75,420.72,3119.41
2025-08-04,419.4,420.4,426.75,418.65,425.5,238811.0,267556.0,420.23,424.79,3147.75
2025-08-05,428.7,428.55,433.95,428.1,431.75,204067.0,264309.0,430.62,431.25,3198.0
2025-08-06,429.95,428.55,431.3,427.4,431.3,152322.0,266492.0,428.9,430.68,3198.14
2025-08-07,432.75,433.2,434.95,430.55,434.8,176095.0,265859.0,433.4,435.35,3227.68
2025-08-08,434.35,435.8,436.4,432.2,433.85,182576.0,267734.0,434.44,433.47,3210.01
2025-08-11,436.5,435.5,435.9,432.2,433.55,152814.0,269301.0,434.93,433.29,3206.77
2025-08-12,433.05,433.8,439.25,431.7,432.2,206979.0,272842.0,434.11,431.63,3189.91
2025-08-13,435.9,435.8,437.15,432.2,437.05,176018.0,272825.0,436.93,436.92,3224.37
2025-08-14,437.7,437.45,439.0,434.65,436.0,167112.0,269715.0,436.93,436.57,3225.66
2025-08-18,434.75,435.15,435.5,429.3,429.7,165913.0,274923.0,433.01,429.19,3177.28
2025-08-19,430.15,430.6,431.8,425.3,426.45,193581.0,276712.0,430.28,426.18,3151.56
2025-08-20,423.4,421.95,424.3,417.3,424.0,275769.0,279186.0,422.21,423.66,3130.09
2025-08-21,424.6,425.6,428.4,424.15,425.4,193592.0,275405.0,425.12,424.41,3141.74
2025-08-22,424.7,426.45,430.7,426.25,428.2,175045.0,276770.0,428.0,428.5,3168.73
2025-08-25,434.1,433.85,433.95,430.15,433.75,178351.0,271768.0,431.84,433.89,3209.86
2025-08-26,432.0,432.85,433.05,428.65,429.4,194913.0,268868.0,432.13,429.41,3179.36
2025-08-27,430.85,431.65,431.8,426.85,430.6,163600.0,264816.0,429.86,430.31,3187.16
2025-08-28,429.45,428.5,434.4,426.5,432.65,186854.0,265055.0,428.34,431.81,3196.32
2025-08-29,434.45,434.3,434.7,430.25,430.6,157967.0,266009.0,433.69,430.12,3186.01
2025-09-01,427.45,427.7,428.5,422.3,423.5,174390.0,272883.0,426.31,423.33,3142.93
2025-09-02,424.5,424.65,428.5,423.65,428.1,177150.0,269401.0,424.98,428.15,3172.35
2025-09-03,427.45,427.6,430.65,427.15,429.95,163472.0,268234.0,428.83,430.37,3184.42
2025-09-04,431.15,430.75,433.35,429.3,431.15,199931.0,262801.0,430.42,432.32,3200.83
2025-09-05,433.25,433.65,434.75,431.7,433.6,160218.0,250208.0,433.78,432.86,3205.12
2025-09-08,433.45,433.95,435.65,432.9,435.15,168579.0,207803.0,433.95,434.85,3219.59
2025-09-09,436.7,436.35,441.5,434.95,441.1,202618.0,140489.0,436.17,441.28,3260.05
2025-09-10,442.65,442.85,451.15,441.9,449.95,239658.0,94469.0,443.28,450.05,3314.53
2025-09-11,450.7,451.25,454.95,449.55,453.3,152036.0,0.0,453.39,454.0,3344.2
2025-09-12,461.2,460.75,464.5,458.5,464.4,211719.0,241652.0,459.26,462.74,3395.54
2025-09-15,465.05,466.8,469.1,464.05,466.45,226473.0,239310.0,465.3,464.65,3407.31
2025-09-16,467.65,467.2,474.85,466.3,473.9,211066.0,240440.0,466.88,472.85,3449.62
2025-09-17,473.2,472.1,472.55,466.95,468.3,216157.0,231241.0,469.81,466.99,3413.4
2025-09-18,469.45,471.6,476.75,469.4,475.95,226824.0,230725.0,470.02,475.34,3461.3
2025-09-19,476.85,478.0,478.45,473.25,474.7,198887.0,228820.0,475.59,473.44,3445.24
2025-09-22,476.6,475.4,481.85,475.35,478.85,231521.0,232709.0,476.34,478.29,3468.65
2025-09-23,481.75,483.0,484.3,479.55,482.85,208598.0,234280.0,482.08,481.54,3486.19
2025-09-24,482.0,481.65,484.8,477.0,481.05,235302.0,232834.0,482.1,480.39,3472.14
2025-09-25,478.55,478.0,482.65,477.65,481.1,230987.0,234221.0,477.72,480.63,3471.11
2025-09-26,478.55,479.0,479.05,466.2,469.4,330955.0,239222.0,475.84,468.03,3386.05
2025-09-29,472.6,471.1,478.1,471.05,477.05,220064.0,238610.0,472.11,475.22,3431.21
2025-09-30,476.55,478.0,478.95,474.8,475.85,210500.0,237436.0,476.34,474.03,3424.6
2025-10-01,477.4,477.8,481.45,476.95,480.45,211861.0,242152.0,477.16,479.37,3455.83
2025-10-02,488.15,488.6,500.1,488.35,495.15,358982.0,237585.0,491.25,493.41,3549.21
2025-10-10,,505.0,509.95,501.2,507.85,241558.0,233454.0,504.2,506.97,3610.6
2025-10-13,487.6,493.6,502.8,492.85,501.7,295839.0,231441.0,496.45,501.87,3584.55
2025-10-14,505.8,509.45,512.4,493.6,497.25,398462.0,233834.0,505.46,496.89,3561.81
2025-10-15,499.9,502.25,511.95,499.35,511.5,231976.0,234716.0,499.89,510.55,3657.28
2025-10-16,512.5,512.9,525.15,510.7,524.6,286163.0,233188.0,513.17,524.45,3748.37
2025-10-17,522.55,522.7,533.5,521.3,525.8,316917.0,235069.0,522.18,525.48,3748.89
2025-10-20,530.65,532.0,536.15,522.45,536.15,270205.0,239215.0,529.82,535.28,3814.69
2025-10-21,540.7,541.65,548.25,535.5,537.2,314634.0,237542.0,540.75,535.28,3823.84
2025-10-22,534.4,536.0,543.5,530.05,543.35,265810.0,238826.0,534.98,542.59,3883.68
2025-10-23,538.0,536.55,546.25,533.15,537.05,311134.0,239017.0,534.75,536.37,3845.56
2025-10-24,545.25,545.05,552.55,542.6,551.45,229943.0,242124.0,543.65,550.01,3941.59
2025-10-27,554.8,560.55,566.7,557.35,566.5,255611.0,237205.0,558.99,565.69,4042.83
2025-10-28,568.2,566.85,566.85,555.0,561.15,247111.0,238157.0,560.19,559.51,4010.41
2025-10-29,566.7,567.3,573.05,560.1,573.05,298486.0,236307.0,567.44,571.51,4081.15
2025-10-30,576.4,577.0,583.6,572.3,574.2,410847.0,237623.0,574.75,575.21,4086.89
2025-10-31,572.35,576.3,581.85,571.25,581.15,265503.0,236881.0,575.08,579.46,4107.5
2025-11-03,578.7,581.45,599.25,580.7,598.95,262920.0,238086.0,580.81,599.03,4221.87
2025-11-04,602.0,603.65,603.9,581.7,583.15,317951.0,240933.0,598.0,581.94,4121.74
2025-11-05,578.0,576.0,577.35,544.4,565.5,454019.0,242035.0,571.41,565.4,4004.42
2025-11-06,580.9,580.45,582.0,562.25,569.15,337869.0,238496.0,578.79,568.38,4026.45
2025-11-07,564.65,560.95,571.0,549.25,558.7,317088.0,239757.0,558.74,557.98,3953.76
2025-11-10,557.05,561.9,579.7,561.7,576.9,236845.0,237282.0,564.02,575.31,4073.24
2025-11-11,582.3,583.15,594.9,576.2,581.7,306777.0,229903.0,583.58,581.41,4106.39
2025-11-12,581.35,582.3,589.05,577.9,587.7,218791.0,233619.0,579.17,586.73,4150.39
2025-11-13,588.3,586.4,593.1,582.7,590.75,205938.0,230146.0,583.38,588.65,4170.63
2025-11-14,577.95,576.5,576.5,563.05,563.05,239433.0,236298.0,571.98,563.43,4011.57
2025-11-17,571.05,572.75,577.25,569.95,575.55,214689.0,233305.0,574.43,576.65,4089.25
2025-11-18,568.6,568.5,574.15,556.4,556.55,277506.0,232643.0,569.37,556.45,3953.62
2025-11-19,559.1,556.75,560.0,542.35,553.45,313987.0,231655.0,557.76,552.66,3929.51
2025-11-20,556.75,568.6,574.15,564.05,566.0,253075.0,227743.0,569.22,564.2,4004.85
2025-11-21,545.25,542.0,545.55,538.2,541.3,270966.0,230396.0,550.07,540.36,3853.26
2025-11-24,548.8,549.5,552.75,540.25,542.5,280180.0,230987.0,550.52,540.81,3846.06
2025-11-25,556.45,555.6,558.4,541.05,545.8,247915.0,232191.0,556.54,544.62,3857.78
2025-11-26,550.6,550.6,559.85,545.75,559.75,196806.0,226829.0,549.12,559.37,3960.87
2025-11-27,563.45,564.0,570.2,560.7,563.15,209512.0,222647.0,564.24,563.36,3986.91
2025-11-28,563.4,564.55,567.55,554.1,555.9,177454.0,230572.0,564.36,554.0,3926.59
2025-12-01,559.4,559.1,562.9,549.1,553.4,223210.0,231398.0,560.57,553.96,3920.37
2025-12-02,557.35,558.0,566.65,556.55,565.45,156317.0,230130.0,556.85,565.72,3994.93
2025-12-03,567.05,569.9,574.65,564.35,571.25,191693.0,227821.0,567.89,570.79,4036.3
2025-12-04,571.6,570.55,570.75,562.65,570.3,168336.0,222482.0,567.36,569.75,4028.51
2025-12-05,568.1,567.4,581.2,565.45,580.4,175865.0,223747.0,568.41,580.81,4100.05
2025-12-08,583.0,583.3,588.85,577.35,588.7,181640.0,192419.0,581.89,589.17,4154.85
2025-12-09,584.45,586.25,588.9,582.9,585.1,151787.0,133921.0,585.3,585.76,4143.55
2025-12-10,587.95,587.0,591.55,583.9,585.2,161994.0,92549.0,588.23,585.52,4135.0
2025-12-11,592.9,590.65,591.7,580.05,580.25,113796.0,0.0,589.39,580.16,4110.62
2025-12-12,586.55,584.8,589.75,581.0,589.05,176041.0,200098.0,581.71,587.93,4167.16
2025-12-15,575.05,576.0,580.0,572.2,575.05,179804.0,199765.0,570.01,574.49,4090.59
2025-12-16,572.7,574.85,576.45,562.0,563.6,186771.0,204894.0,574.54,561.52,3999.13
2025-12-17,566.95,566.7,573.7,561.7,573.7,188528.0,208764.0,564.59,572.62,4056.41
2025-12-18,563.4,566.95,570.9,562.05,566.15,211043.0,207580.0,563.33,565.65,3994.51
2025-12-19,574.8,573.9,576.85,566.85,571.0,175953.0,207698.0,575.27,568.4,4020.55
2025-12-22,579.3,580.35,583.7,579.6,583.45,149758.0,204692.0,580.63,582.73,4105.93
2025-12-23,584.45,584.0,589.6,583.95,584.85,128662.0,203325.0,585.43,584.64,4117.32
2025-12-24,589.5,589.0,589.4,584.2,584.8,109869.0,208407.0,587.37,584.21,4108.62
2025-12-26,586.1,587.45,593.15,586.2,589.95,130630.0,211159.0,587.89,590.08,4129.68
2025-12-29,591.45,595.6,606.75,594.55,605.35,168955.0,213774.0,594.65,605.69,4220.56
2025-12-30,606.0,605.95,610.2,601.9,608.0,141299.0,215446.0,601.72,605.98,4214.17
2026-01-02,610.35,608.4,626.25,605.1,625.65,172577.0,218231.0,607.66,624.17,4309.63
2026-01-05,631.2,634.35,649.55,633.4,649.2,258775.0,221249.0,638.01,648.74,4457.52
2026-01-06,650.0,645.9,660.9,639.05,660.9,259538.0,219648.0,645.59,659.45,4525.48
2026-01-07,666.55,667.6,676.3,655.45,664.7,314804.0,216233.0,667.22,664.48,4551.06
2026-01-08,663.45,664.3,677.9,656.55,664.4,309378.0,215731.0,660.52,664.18,4552.37
2026-01-09,663.4,663.9,671.7,655.85,670.0,202318.0,216898.0,659.63,668.25,4586.32
2026-01-12,679.05,679.05,682.1,665.7,674.05,211321.0,215927.0,676.95,672.86,4624.79
2026-01-13,682.55,680.5,682.85,674.25,682.0,198882.0,216163.0,678.34,680.71,4692.64
2026-01-14,679.15,680.5,686.5,679.05,686.1,172320.0,217376.0,679.26,685.76,4723.1
2026-01-15,684.6,683.9,698.85,682.25,698.0,239659.0,221321.0,682.52,696.39,4797.55
2026-01-16,699.9,702.0,708.55,697.55,706.1,219166.0,218119.0,699.71,704.64,4840.74
2026-01-19,706.9,701.3,718.15,699.4,715.55,224207.0,219970.0,702.23,713.96,4904.66
2026-01-20,712.5,713.55,718.2,701.3,707.6,247906.0,214029.0,713.22,708.48,4885.75
2026-01-21,702.9,698.3,716.7,694.35,715.45,268353.0,216337.0,696.91,714.94,4909.93
2026-01-22,726.7,731.5,734.75,720.2,723.8,283926.0,211577.0,728.23,722.3,4952.53
2026-01-23,728.85,728.25,733.5,718.6,728.9,246128.0,219192.0,726.8,727.29,4990.07
2026-01-26,732.25,729.5,733.4,719.0,719.4,207169.0,213825.0,728.49,720.04,4949.59
2026-01-27,725.45,721.7,746.55,711.55,744.2,235874.0,220725.0,717.36,745.13,5084.85
2026-01-28,751.5,755.55,762.45,750.65,760.5,206192.0,213937.0,753.98,758.72,5170.81
2026-01-29,764.7,770.6,773.7,742.85,766.25,300489.0,215161.0,771.32,765.59,5221.25
2026-01-30,760.05,765.15,784.6,760.6,771.5,283926.0,215254.0,763.87,768.41,5224.36
2026-02-02,759.85,753.8,764.0,722.2,722.6,404373.0,212652.0,752.06,725.46,4949.67
2026-02-03,749.95,749.5,817.25,749.15,777.0,261951.0,210124.0,751.94,779.54,5288.08
2026-02-04,769.4,770.95,792.3,768.5,790.35,236316.0,210077.0,773.48,790.38,5371.1
2026-02-05,758.25,769.1,778.3,752.45,759.45,308227.0,206146.0,769.61,756.95,5163.57
2026-02-06,754.8,737.85,752.75,717.25,748.6,300475.0,211858.0,734.22,748.1,5089.14
2026-02-09,780.8,780.0,787.4,776.5,783.8,219877.0,208130.0,782.04,780.94,5298.04
2026-02-10,788.4,783.8,791.95,780.2,781.0,185601.0,204310.0,788.76,780.76,5301.69
2026-02-11,780.2,780.8,792.6,772.75,786.1,187819.0,207142.0,778.25,788.75,5354.49
2026-02-12,806.8,802.5,817.6,795.8,816.7,236742.0,206606.0,800.15,816.28,5522.27
2026-02-13,807.8,811.9,827.95,810.2,814.0,210901.0,205227.0,815.97,814.59,5507.01
2026-02-19,,834.9,841.75,830.2,840.25,176334.0,206364.0,836.12,840.24,5677.25
2026-02-20,840.0,842.5,860.85,840.45,859.6,168931.0,210555.0,842.56,859.59,5808.53
2026-02-23,877.7,877.7,880.95,857.35,867.45,205725.0,205677.0,874.93,865.49,5846.09
2026-02-24,864.45,865.45,887.65,854.95,887.2,191288.0,211653.0,866.44,886.88,5969.64
2026-02-25,894.5,900.0,914.5,888.65,907.3,207739.0,208413.0,895.38,903.83,6083.86
2026-02-26,913.4,915.75,946.85,908.55,946.85,258342.0,211721.0,910.73,944.02,6307.27
2026-02-27,925.0,924.3,952.0,919.6,937.8,267510.0,209727.0,924.59,933.34,6244.13
2026-03-03,934.05,920.7,923.1,801.0,859.6,307252.0,205062.0,921.46,859.4,5791.91
2026-03-04,837.9,821.15,846.7,749.5,761.4,338775.0,201900.0,827.46,756.79,5093.54
2026-03-05,822.3,822.3,875.6,816.35,820.0,290597.0,199040.0,775.83,831.22,5583.9
2026-03-06,800.0,817.65,832.35,796.85,827.65,184809.0,195484.0,815.04,828.83,5584.87
2026-03-09,801.0,761.45,784.0,749.6,771.25,238923.0,176572.0,777.67,775.31,5251.87
2026-03-10,826.7,825.45,886.4,804.55,822.15,215907.0,116213.0,820.11,823.02,5532.59
2026-03-11,828.5,845.5,855.6,825.35,837.5,184177.0,68094.0,842.21,834.05,5609.95
2026-03-12,838.95,825.8,837.65,820.25,825.8,83780.0,187483.0,826.36,827.51,5583.25
2026-03-13,790.15,798.0,821.55,794.05,809.25,157783.0,193401.0,800.34,812.93,5487.24
2026-03-16,801.0,809.2,827.55,808.25,825.1,151683.0,198493.0,817.51,826.83,5549.85
2026-03-17,851.6,852.0,855.2,840.2,844.3,144218.0,193297.0,853.4,840.89,5640.48
2026-03-18,861.55,861.55,892.6,861.0,890.7,150974.0,194730.0,861.48,888.57,5925.03
2026-03-19,858.3,859.8,880.35,856.75,863.15,154548.0,194777.0,861.23,862.37,5763.22
2026-03-20,867.45,874.4,874.4,861.05,862.55,131810.0,195934.0,869.58,862.5,5781.2
2026-03-23,825.05,827.95,829.75,800.9,805.0,235560.0,201540.0,829.96,804.86,5405.75
2026-03-24,855.1,844.65,848.75,803.9,830.75,213649.0,197599.0,841.92,827.64,5553.92
2026-03-25,840.85,841.05,860.35,838.65,841.4,172341.0,198643.0,847.46,838.7,5642.21
2026-03-26,831.3,827.9,833.2,808.1,810.2,176845.0,197769.0,829.6,808.89,5460.46
2026-03-27,784.65,783.05,811.1,772.6,805.45,166725.0,200640.0,783.41,805.19,5438.87
2026-03-30,780.05,770.0,786.65,761.15,781.7,164459.0,207699.0,765.53,780.32,5277.3
2026-03-31,756.7,757.0,775.85,746.2,749.25,239088.0,210816.0,757.62,744.57,5052.46
2026-04-01,794.85,791.55,823.7,783.9,812.05,231980.0,209029.0,789.35,813.84,5478.7
2026-04-02,825.0,826.15,833.35,765.55,779.45,286210.0,204776.0,825.52,774.63,5234.05
2026-04-03,796.55,800.2,807.6,791.5,803.45,136193.0,207386.0,797.34,798.32,5377.3
2026-04-06,801.55,805.0,824.45,804.45,812.2,155826.0,206275.0,806.59,811.84,5450.33
2026-04-07,823.75,834.05,839.4,812.2,824.1,160121.0,203334.0,829.9,821.1,5494.78
2026-04-08,830.1,879.0,896.9,871.1,884.55,219202.0,204540.0,872.13,882.81,5872.34
2026-04-09,895.3,878.3,883.25,866.2,867.05,155798.0,201264.0,874.49,865.75,5778.01
2026-04-10,885.05,885.0,893.8,880.9,883.5,115476.0,201389.0,882.3,878.78,5858.87
2026-04-13,888.45,856.25,876.4,856.15,872.0,111235.0,198664.0,857.95,870.78,5808.62
2026-04-14,899.95,900.15,911.7,894.85,901.9,123530.0,203104.0,895.98,897.0,5967.75
2026-04-15,929.35,933.1,937.6,917.55,924.75,146798.0,201102.0,926.1,916.6,6091.39
2026-04-16,923.0,925.95,943.8,925.15,943.8,133274.0,200929.0,925.05,937.87,6226.05
2026-04-17,945.95,945.8,946.35,931.4,935.75,105707.0,200795.0,938.0,931.41,6191.92
2026-04-20,962.0,936.6,949.5,932.7,939.35,122043.0,202539.0,935.02,935.75,6219.09
2026-04-21,950.05,952.2,965.25,950.6,965.1,116771.0,202549.0,949.37,962.26,6388.47
2026-04-22,951.35,964.95,969.05,953.25,967.65,121659.0,199412.0,961.97,964.52,6417.93
2026-04-23,992.0,978.55,993.75,951.15,979.95,188236.0,198878.0,975.5,975.62,6475.81
2026-04-24,970.95,978.7,985.25,963.65,973.95,116059.0,200629.0,978.27,971.87,6475.63
2026-04-27,987.2,983.2,1006.05,982.15,996.95,137374.0,207888.0,980.35,995.33,6615.03
2026-04-28,999.2,1005.25,1014.9,998.5,1001.9,128762.0,205563.0,1000.71,999.03,6641.02
2026-04-29,982.85,990.4,1011.1,989.65,1005.25,111273.0,203882.0,994.38,1006.59,6690.9
2026-04-30,996.35,1011.8,1020.55,995.9,998.5,165685.0,201071.0,1015.18,992.15,6598.87
2026-05-04,1015.0,1020.6,1051.65,1016.45,1050.5,139959.0,208762.0,1022.41,1049.66,6936.99
2026-05-06,1042.05,1119.45,1140.2,1102.55,1131.7,203375.0,201225.0,1076.73,1129.63,7384.56
2026-05-07,1147.4,1170.95,1174.6,1113.2,1158.7,182006.0,194774.0,1150.18,1149.86,7490.05
2026-05-08,1127.35,1126.8,1155.75,1122.75,1153.25,140720.0,200535.0,1124.95,1151.17,7498.0
2026-05-11,1210.0,1206.05,1228.8,1194.8,1214.25,198373.0,198611.0,1201.01,1211.44,7822.24
2026-05-12,1239.0,1243.0,1243.55,1152.05,1186.0,245538.0,193628.0,1233.82,1183.41,7643.15
2026-05-13,1161.15,1160.0,1223.4,1144.5,1222.25,168145.0,199628.0,1158.87,1220.17,7844.01
2026-05-14,1229.35,1229.25,1249.2,1221.45,1245.5,148989.0,192537.0,1223.66,1243.17,7981.41
2026-05-15,1243.1,1244.5,1256.4,1145.9,1172.7,199907.0,193019.0,1236.66,1162.39,7493.18
2026-05-18,1165.4,1150.0,1194.2,1110.6,1171.95,181440.0,193312.0,1154.84,1171.3,7516.04
2026-05-19,1149.9,1160.0,1161.75,1112.4,1137.0,174401.0,195237.0,1154.09,1132.42,7271.66
2026-05-20,1149.55,1144.7,1148.45,1100.0,1125.95,166697.0,197914.0,1141.57,1125.51,7208.95
2026-05-21,1176.75,1172.7,1228.55,1170.1,1228.0,171442.0,200763.0,1171.1,1225.22,7815.59
2026-05-22,1232.45,1236.3,1243.3,1216.3,1228.15,101610.0,193361.0,1232.73,1226.03,7847.71
2026-05-26,1219.0,1254.05,1278.75,1254.0,1267.4,115635.0,195545.0,1262.2,1260.53,8047.51
2026-05-27,1323.4,1332.3,1344.55,1299.5,1302.7,166754.0,188598.0,1296.31,1298.86,8228.7
2026-05-28,1307.55,1301.1,1308.45,1237.5,1294.25,195515.0,186808.0,1287.18,1292.57,8185.29
2026-05-29,1332.4,1338.5,1351.2,1315.6,1350.0,143507.0,188522.0,1327.15,1342.82,8476.15
2026-06-01,1353.1,1355.95,1420.5,1343.95,1417.7,135467.0,190224.0,1344.09,1399.91,8788.38
2026-06-02,1447.05,1432.9,1438.4,1360.0,1409.95,155401.0,183415.0,1419.07,1407.23,8801.49
2026-06-04,1434.95,1381.05,1405.45,1369.3,1381.4,132495.0,181692.0,1374.74,1379.56,8639.41
2026-06-05,1370.35,1337.7,1341.1,1278.35,1298.15,164409.0,179008.0,1323.25,1297.02,8160.59
2026-06-08,1194.3,1194.3,1249.3,1178.25,1178.25,198408.0,158481.0,1282.81,1186.54,7484.41
2026-06-09,1242.7,1242.8,1345.0,1206.8,1287.8,200767.0,119002.0,1221.75,1293.4,8096.93
2026-06-10,1235.85,1238.0,1272.95,1196.0,1229.4,164088.0,79947.0,1258.44,1227.12,7730.82
2026-06-11,1185.0,1184.95,1242.5,1171.0,1225.7,76025.0,0.0,1190.75,1231.54,7763.95
2026-06-12,1329.7,1329.05,1359.7,1293.45,1299.85,148208.0,150065.0,1317.78,1291.32,8123.62
2026-06-15,1332.2,1371.0,1386.75,1361.0,1376.0,122395.0,149456.0,1360.33,1360.26,8545.98
2026-06-16,1416.55,1405.0,1413.0,1374.35,1403.1,104855.0,149807.0,1386.42,1391.74,8726.6
2026-06-17,1370.15,1378.5,1431.55,1374.75,1428.85,91546.0,150027.0,1372.13,1416.97,8864.24
2026-06-18,1407.5,1438.0,1479.9,1422.9,1470.1,126078.0,152599.0,1420.99,1459.23,9063.84
2026-06-19,1521.5,1524.0,1535.0,1440.2,1475.5,166315.0,147017.0,1499.31,1459.48,9052.42
2026-06-22,1477.85,1450.0,1514.9,1441.05,1490.5,122263.0,148394.0,1442.16,1477.22,9114.55
2026-06-23,1518.4,1504.7,1505.8,1324.2,1340.4,187811.0,141821.0,1470.75,1321.7,8203.84
2026-06-24,1327.3,1343.5,1397.0,1311.25,1381.85,163988.0,142793.0,1348.99,1369.62,8471.02
2026-06-25,1459.0,1475.4,1489.05,1437.05,1461.6,151236.0,146983.0,1408.25,1454.15,8930.3
2026-06-26,1440.45,1455.95,1458.0,1326.8,1385.9,181123.0,145912.0,1433.15,1366.49,8411.21
2026-06-29,1378.0,1385.3,1393.9,1320.85,1366.5,141981.0,145692.0,1352.07,1352.54,8394.65
2026-06-30,1367.4,1373.75,1415.5,1334.45,1385.0,129634.0,147899.0,1356.86,1370.73,8476.48
2026-07-01,1406.85,1398.55,1408.25,1317.45,1343.25,131326.0,145796.0,1388.86,1335.36,8303.41
2026-07-02,1293.0,1282.35,1315.1,1141.8,1240.9,174500.0,151659.0,1269.77,1219.62,7648.09
2026-07-03,1218.05,1236.0,1322.1,1190.4,1312.35,157754.0,154471.0,1235.2,1299.3,8088.34
2026-07-06,1316.0,1329.1,1351.0,1262.1,1303.95,119147.0,149430.0,1316.14,1293.13,8051.33
2026-07-07,1302.3,1273.55,1289.15,1188.05,1247.5,167553.0,156335.0,1271.07,1225.57,7656.31
2026-07-08,1215.0,1199.85,1262.0,1158.5,1169.55,157493.0,162370.0,1190.6,1158.37,7246.79
2026-07-09,1217.0,1204.2,1225.0,1142.0,1179.55,161737.0,163189.0,1202.01,1169.73,7291.91
2026-07-10,1233.35,1230.0,1248.9,1202.35,1210.5,118934.0,157869.0,1214.66,1196.69,7475.94
2026-07-13,1216.25,1205.75,1216.65,1083.5,1090.0,166534.0,156393.0,1185.03,1078.78,6806.93
2026-07-14,1088.0,1059.6,1123.5,1033.6,1105.0,186576.0,168542.0,1073.0,1092.23,6856.83
2026-07-15,1161.55,1170.0,1200.05,1159.1,1171.0,157662.0,162934.0,1129.73,1163.9,7284.41
2026-07-16,1119.35,1105.0,1120.35,1072.9,1096.35,159483.0,163130.0,1106.26,1080.36,6820.6
